Key word,Category
CRT Monitor,
SATA,
WhatsApp,
Natural Language Processing,
Big-O,
Merge Sort,
,
Laser Printer,
Touchscreen,
Siri,
OCR,
Dijkstra,
Linear Search,
HSV,
ActionScript,
,
Wireless Mouse,
Video Card,
Bluetooth,
Linux,
Hamilton,
Breadth First Seacrch,
Quicksort,
Google Class,
John von Neumann,
Business Analysis,
C++ Programming,
Cloud Computing,
Compliance and Security,
Customization and Configuration,
Data Localization,
Data/Server Management,
Database Management,
Database Design,
Disaster Recovery,
Java Technology,
MS SQL,
Network Administration,
,
Application Technology ,
Architecture ,
Artificial Intelligence ,
BSS / OSS ,
Business Continuity ,
Business Transformation ,
Capital Budgets ,
Change Management ,
Data Centre Operations ,
Data Gathering ,
Database Administration ,
Disaster Recovery ,
End-User Support ,
Enterprise Systems ,
Fault Analysis ,
GIS ,
,
Information Security ,
Infrastructure Development ,
LAN / WAN ,
Licensing ,
Mergers and Acquisitions ,
MIS ,
Multiplatform Integration ,
Needs Assessment ,
Network Administration ,
Process Reengineering ,
Product Launch ,
Product Testing ,
Program Management ,
Programming ,
Project Management ,
Quality Assurance ,
Research & Development ,
Resource Management ,
Root Cause Analysis ,
SDLC ,
Software Configuration ,
Solutions Delivery ,
Systems Administration ,
Systems Configuration ,
Systems Deployment ,
Technical Documentation ,
Training & Development ,
Vendor Management ,
VOiP ,
Web Based Technology ,
Workflow Management ,
Yield Management,
Network Engineering,
Open Source Technology,
Product Lifecycle Development,
Professional Service,
Programming / Coding,
Quality Assurance / Code Testing,
Scalability and Product Extensions,
Software Development,
Software Installation / Upgrade,
Software-as-as-Service,
System Integration,
Technology Stack,
User Interface Design,
Database Management System,
Network Address Translation,
Queue,
Stack,
Heap,
Priority Queue,
Double-ended Queue,
Double-ended Priority Queue,
Hamilton Cycle,
Abstract,
Role-based access control,
Operator,
Prototype,
Database,
Thread,
Graph,
Edge,
Vertex,
Degree,
Walk,
Trail,
Path,
Integrated Circuit,
Cycle,
Connectivity,
Component,
Outsourcing,
Crowdsourcing,
Toolbox,
Windows Phone,
Kitkat,
Ginger Bread,
Jelly Bean,
Alan Turing,
Gameloft,
Round Trip Time,
Wrapping,
Union,
Intersect,
Oracle,
NoSQL,
Dongatory,
NetBean,
Flash Sort,
Zend Framework,
DB2,
Javascript Object Notation,
Google API,
Solid State Drive,
Streaming,
Opera,
Safari,
Optical Disk,
Sector,
Global Variable,
First In First Out,
Last In First Out,
Fragmentation,
Master Boot Record,
Hub,
Switch,
Router,
Wireless Router,
Abstract Class,
Deadlock,
Microsoft Foundation Class,
Windows Presentation Foundation,
Cache,
Semaphore,
NVIDIA,
Laptop,
Register,
Registry,
Local Host,
Agile,
Digital,
Fibonacci,
Fibonacci Number,
Fibonacci Sequence,
New Technology File System,
Interface,
Vim,
Emacs,
WHOIS,
Programming Language,
R,
C,
C++,
C#,
F#,
Pascal,
Prolog,
Java,
Octave,
Python,
Ruby,
Objective-C,
Ruby on Rail,
"PHP: Hypertext Preprocessor
Personal Home Page",
Scala,
Perl,
Haskell,
LISP,
Functional Programming,
Object-oriented Programming,
Imperative Programming,
Procedural Programming,
Programming Paradigm,
Dictionaries,
Mutable,
Immuatable,
Tuple,
LUA,
Scripting Language,
SmallTalk,
Windows Communication Foundation,
.NET Framework,
Entropy,
Rivest - Shamir - Adleman,
Advanced Encryption Standard,
Data Encryption Standard,
Hash Function,
Message Digest 5,
Secure Hash Algorithm,
Stream Cipher,
Block Cipher,
Turing Award,
Alan Turing,
Donald Knuth,
Silicon Valley,
Application Programming Interface,
Coursera,
edX,
IntelliJ IDEA,
Anjuta,
BitDefender,
Avast,
Norton Commander,
Total Commander,
Netscape,
Unreal,
Shortcut,
Eclipse,
Portable Operating System Interface,
Extensible Markup Language,
Cascading Style Sheets,
Kaspersky,
CRT Monitor,
Serial Advanced Technology Attachment,
WhatsApp,
Natural Language Processing,
Big-O,
Merge Sort,
Laser Printer,
Touchscreen,
Siri,
Optical Character Recognition,
Dijkstra Algorithm,
Linear Search,
Hue Saturation,
ActionScript,
PostScript,
Wireless Mouse,
Video Card,
Bluetooth,
Euler,
Breadth First Search,
Quicksort,
Google Glass,
John Von Neumann,
Schema,
Big Data,
Cloud Computing,
Data Definition Language,
Data Manipulation Language,
Data Control Language,
Instance,
NULL,
Primary Key,
Relational Database,
Relational Algebra,
Tag,
Hashtag,
Parser,
NTT Data,
Adobe,
Converter,
International Business Machines,
Institute of Electrical and Electronics Engineers,
Automaton,
File Allocation Table,
Peer-to-peer,
Dynamic Programming,
Linear Programming,
Integer Programming,
Constraint Programming,
Polymorphism,
Lotus Software,
Encapsulation,
Delete,
Nondeterministic Polynomial time,
Algorithm,
Taskbar,
Internet Protocol,
Navigate,
Extract,
Fingerprint,
Radio button,
Extreme Programming,
Worm,
Trojan,
Malware,
Reinforcement Learning,
Code Block,
Redundant Array of Independent Disks,
Bootstrap,
Spiral Model,
Enterprise,
Image Processing,
Infrastructure,
Integrated,
Scrash,
Hard coding,
Context Menu,
Debugging,
Validation,
SCRUM,
Compiler,
Visualization,
Quantum Computer,
Automotive Engineering,
Cryptography,
Cryptanalysis,
Cryptology,
Information Security,
Biometric,
Bioinformatics,
Optical Flow,
Widget,
Business Intelligent,
Saigon Hi Tech Park,
Strategy,
Topology,
Combinatoric,
Massachusetts Institute of Technology,
Asynchronus,
Lambda Expression,
Import,
Security,
Graph API,
Controller,
Fsoft,
Reference,
Domain Name System,
Location,
Floating Point,
Language-Integrated Query,
Statement,
Macro,
Administrator,
IEnumerable,
Modeling,
Terrain,
Retrieval,
Galaxy 4S,
Polling,
Association for Computing Machinery,
International Collegiate Programming Contest,
Imagine Cup,
Onedrive,
Skydrive,
Google Drive,
iCloud,
Dropbox,
Google Instant,
Pentium,
Intel x86,
Near Field Communication,
eXtensible Application Markup Language,
DirectX,
Data Structure,
Double Data Rate,
Human Computer Interaction,
Notification,
Hadoop,
Enigma,
Secure Socket Layer,
Transport Layer Secure,
OpenSSL,
Heartbleed,
Vsphere,
Boolean,
iTunes,
Website,
Parallel Computing,
Computer Science,
Heuristics,
Unified Modeling Language,
Database,
Application Programming Interface,
Statistic,
Linear Algebra,
Calculus,
Discrete Mathematics,
Probability,
Markov Chain,
Markov Process,
Markov Model,
Hidden Markov Model,
Na�ve Bayes,
Artificial Intelligent,
Information Gain,
Red Green Blue Alpha,
File Trasfer Protocol,
Structured Query Language,
Cookie,
Open System Interconnection,
Encryption,
Ping,
Socket,
ACK,
Assembly Language,
Backpropagation,
Constructor,
Data Warehouse,
Foreign Key,
Genetic Algorithm,
Hash Table,
Memory Allocation,
Neural Network,
Pseudocode,
Recursion,
Supervised Learning,
Specification,
Overriding,
Dynamic Link Library,
Javascript,
Graphic User Interface,
Broadcast,
Uniform Resource Locator,
Uniform Resource Indetifier,
Uniform Resource Name,
Venn Diagram,
Euler Diagram,
Ethernet,
Application Layer,
Presentation Layer,
Session Layer,
Transport Layer,
Network Layer,
Datalink Layer,
Physical Layer,
Data,
Segment,
Datagram,
Packet,
Frame,
Bit,
Pixel,
Support Vector Machine,
Virtual Method,
Casting,
Wide Area Network,
Local Aread Network,
Metropolitan Ared Network,
American Standard Code for Information Interchange,
Character,
Wide Character,
Constant,
Data Type,
Function Library,
Input,
Operator,
Bit mask,
Overflow,
Variable,
Output,
Logical Operator,
Boolean Operator,
Variable Declaration,
Block,
Conditional Expression,
Control Structure,
Control Flows,
Loop Structure,
Local Variable,
Namespace,
Process,
Scope,
Branch Statements,
Loop Invariant,
Argument,
Parameter,
Function Declaration,
Function Overloading,
Function Polymorphism,
Function Template,
Integrated Development Enviroment,
Formal Parameter,
Formal Variable,
Effective Variable,
Static Local Variable,
Procedure,
Sub-program,
Sub-routine,
Source code,
Algorithmic Complexity,
Algorithm Implementation,
Flow chart,
Code Duplication,
Code Reuse,
Decision Table,
Test Case,
Array,
Static Array,
Dynamic Array,
Composite Number,
Coprime,
Greatest Common Divisor,
Prime,
Search Algorithm,
Sort Algorithm,
Data Type Definition,
Implementation,
Operand,
Structured Data,
Binary File,
Hypertext Markup Language,
Extensible HyperText Markup Language,
Random Access,
Read Only,
Sequentially Access,
Stream,
Plain Text,
End of File,
Mantissa,
Class,
Default Constructor,
Destructor,
Dynamic Memory,
Exponent,
Heap Memory,
Index Operator,
Keyword,
Memory Address,
Physical Memory Address,
Logical Memory Address,
Memory Fragment,
Memory Leak,
Memory Mapping,
Object,
Pointer,
Programming Interface,
Programming Tip,
Reference Parameter,
Reference Variable,
Sign,
Stack Memory,
Stack Overflow,
Standard Template Library,
String,
Vulnerability,
Control Abstraction,
Data Abstraction,
Dynamic Allocation of Memory,
Linked List,
Pointer Variable,
Queue,
Single Linked List,
Function Pointer,
Circular Linked List,
Doubly Linear Linked List,
Singly Linear Linked List,
Tree,
Graph,
American National Standards Institute,
Capital Letter,
Compare,
Concatenation,
Copy,
Decryption,
Lexicographical Order,
String Matching,
Normalize,
Delimiter,
Shift Cipher,
Caesar Cipher,
Sub String,
Word Processing,
Binary Search,
Hierachical Structure,
Sentinel,
Sequential Search,
Binary Insertion Sort,
Insertion sort,
Bubble Sort,
Computational Geometry,
Convex Hull,
Media,
Mutimedia,
Minimum Spanning Tree,
Backtracking,
Binary Recursion,
Divide and Conquer,
File system,
Folder,
Directory,
Linear Recursion,
Mutual Recursion,
Nested Recursion,
Tail Recursion,
Optimal,
Bottom-up,
Top-down,
Thread,
Single Thread,
Multiple Thread,
Attribute,
Behaviour,
Class Declaration,
Class Implementation,
Class Name,
Data Member,
Private Data Member,
Functional Overloading,
Method Overloading,
Method Overriding,
Insertion Operator,
Extraction Operator,
Basic Data Type,
Built-in Class,
Built-in Data Type,
Access Modifier,
Actual Argument,
Bitwise Copy,
Const Casting,
Copy Constructor,
C-style casting,
Deep Copy,
Dynamic Casting,
Explicit Casting,
Implicit Casting,
Intializers,
Member-wise Copy,
Reinterprest Casting,
Shallow Copy,
Static Constructor,
Static Member,
Class-level Member,
Static Method,
Class-level Method,
Abstract Method,
Base Class,
Superclass,
Parent class,
Cloning,
Concrete Class,
Concrete subclass,
Framework Application,
Friend Function,
Friend Class,
Generalization,
Generic Code,
Inheritance Relationship,
Inheritance,
Pure Virtual Method,
Root Class,
Selection Sort,
Specialization,
Virtual Destructor,
Abstract Data Type,
Container,
Dequeue,
Enqueue,
Pop,
Push,
Association,
Aggregation,
Compositon,
Dependent,
Friend,
HAS-A,
IS-A,
Multiple Inheritance,
Virtual Inheriatance,
Fatal Error,
Binary File,
Input Device,
Blank,
Header,
Interpreter,
Template,
Iterator,
Try Catch,
Resource Acquisition Is Initialization,
Stack Unwinding,
Throw,
Terminate,
IPv6,
IPv4,
Relation,
Induction,
Formal Language,
Regular Expression,
Regular Language,
Automata,
Deterministic finite automaton,
Nondeterministic finite automaton,
Finite State Machine,
Project Operator,
Cross-product,
Cartesian Product,
Natural Join,
Theta Join,
SQLite,
MySQL,
Microsoft SQL Server,
Normal Form,
Functional Dependency,
Boyce-Codd Normal Form,
XPath,
XQuery,
Extensible Stylesheet Language Transformations,
Transaction,
"Atomicity
Consistency
Isolation
Durability",
Constraint,
Integrity Constraint,
Trigger,
Referential Integrity,
PostgreSQL,
View,
Authorization,
Grant,
Revoke,
Privilege,
Online Transaction Processing,
Onine Analytical Processing,
MapReduce,
OculusVR,
Motorola,
Integrated Electronics,
Advanced Micro Devices,
Oracle,
Sun Microsystem,
Fedora,
Ubuntu,
Windows,
Windows NT,
Windows CE,
Windows XP,
Windows Me,
Windows Server,
Windows 3.1,
Windows 7,
Windows 8,
Linux,
Linux Kernel,
Linux Distribution,
Unix,
Mac OS,
Red Hat Enterprise,
Turing Machine,
Turing Test,
Completely Automated Public Turing test to tell Computers and Humans Apart,
Swing,
Spring,
Abstract Window Toolkit,
Java Foundation Classes,
Information Theory,
Coding Theory,
Matrix Laboratory,
Gordon Moore,
Moore Law,
Transistor,
Robert Noyce,
Larry Page,
Sergey Brin,
Larry Ellison,
Jeff Bezos,
LibreOffice,
VMWare,
VirtualBox,
Hyper-V,
Access Point,
Wireless Access Point,
Java Virtual Machine,
Openoffice,
Apache,
Internet Information Services,
Hypertext Transfer Protocol,
Hypertext Transfer Protocol Secure,
Simple Mail Transfer Protocol,
Network News Transfer Protocol,
"Rich Site Summary
RDF Site Summary
Really Simple Syndication",
Playstation,
Playstation Vita,
Playstation Portable,
Nintendo,
Xbox,
Xbox One,
Xbox 360,
Kinect,
Leap Motion,
Wii,
Cursor,
Computer Vision,
Robotics,
Operating System,
Anonymous,
Confidentiality,
Integrity,
Nonrepudiation,
Software as a Service,
Platform as a Service,
Infrastructure as a Service,
Machine Learning,
Statistical Learning,
Computer Network,
Linear Regression,
HipHop Virtual Machine,
Hack,
Ivy Bridge,
Sandy Bridge,
Haswell,
Nahalem Architecture,
Internet Explorer,
Mozila Firefox,
Google Chrome,
ASUS,
Acer,
Dell,
Hewlett-Packard,
Software development kit,
Face Detection,
XCode,
Speech Recognition,
Windows Azure,
Elastic Compute Cloud,
Joomla,
Wordpress,
World Cyber Game,
Starcraft,
World of Warcraft,
Counter Strike,
Half Life,
Minesweeper,
Binary Search Tree,
AVL Tree,
Balanced Binary Search Tree,
B-Tree,
Optimal Binary Search Tree,
Red-Black Tree,
Quality Assurance,
Quality Control,
Logistic Regression,
Bag of Words,
Bag of Features,
OpenCV,
OpenGL,
OpenGL ES,
High-level Shader Language,
OpenGL Shading Language,
Computer Graphics,
Eyetracking,
Silverlight,
Graphics Device Interface,
Postfix notation,
Reverse Polish notation,
Polish notation,
Polish prefix notation,
Infix notation,
Computational complexity theory,
Analysis of Algorithm,
Analytic Combinatorics,
Generating Function,
P vs NP,
The Art of Computer Programming,
NP Complete,
NP Hard,
Average case Complexity,
Best case Complexity,
Worst case Complexity,
Probability Distribution,
Uniform Distribution,
Normal Distribution,
Decision Tree,
Decision Problem,
Linear Time,
Quadratic Time,
Logarithm Time,
Exponential Time,
Polynomial Time,
Optimization Problem,
Microsoft Visual Studio,
Team Foundation,
Hungarian Notation,
Dennis Ritchie,
Ken Thompson,
UTF-8,
Unicode,
Unikey,
Vietkey,
National Security Agency,
Sparse Coding,
Deep Blue,
Kruskal Algorithm,
Prim Algorithm,
Boruvska Algorithm,
Ford-Bellman Algorithm,
Floyd Algorithm,
Graph Coloring,
Four Color Theorem,
Planar Graph,
Euler's Formula,
Network Topology,
Brute Force,
Knight's Tour Problem,
Halt Problem,
Eight Queens Puzzle,
Network flow,
Maximum flow problem,
"Bridge (cut-edge, cut arc or an isthmus)",
Connected Component,
Articulation Point (Cut Vertex),
Pattern Matching,
Data Mining,
Object Recognition,
Virtual Reality,
EmguCV,
Google App Engine,
Github,
Asynchronous JavaScript and XML,
Mobile Application,
Google Play,
Windows Phone Store,
Apple App Store,
BlackBerry World,
Bing,
Google Maps,
Alexa,
Paypal,
Bitcoin,
Twitter,
MySpace,
Tumblr,
Flickr,
Image Segmentation,
Upper Case,
Collision Domain,
Broadcast Domain,
Affine Transformation,
Global Positioning System,
GLONASS,
Preprocessing,
Google Web Toolkit,
Platform,
Reusability,
Recognition,
Gang of Four,
Design Pattern,
Creational pattern,
Structural pattern,
Concurrency pattern,
Behavioral pattern,
Architectural Patterns,
Abstract Factory Pattern,
Builder Pattern,
Factory Method Pattern,
Prototype Pattern,
Cloning Pattern,
Singleton Pattern,
Adapter Pattern,
Bridge Pattern,
Composite Pattern,
Decorator Pattern,
Facade Pattern,
Flyweight Pattern,
Proxy Patern,
Chain of Responsibility Pattern,
Command Pattern,
Interpreter Pattern,
Iterator Pattern,
Mediator Pattern,
Memento Pattern,
Observer Pattern,
State Pattern,
Strategy Pattern,
Template Method Pattern,
Visitor Pattern,
File Allocation Table,
Digital Signal Processing,
Binary Code,
Document Object Model,
Java Database Connectivity,
Histogram,
Histogram Equalization,
Histogram Specification,
Histogram Matching,
Microsoft Developer Network,
Metro,
Recommender System,
Mozila Thunderbird,
Supercomputer,
High-Performance Computer,
Mainframe Computer,
Microprocessor,
Nanocomputer,
Adruino,
Raspberry Pi,
Kindle,
Kindle Fire,
Chromebook,
Google Now,
Siri,
Microsoft Cortana,
Intelligent Personal Assitant,
Foursquare,
Microsoft Build,
Integer Factorization,
MongoDB,
Android Developer Tools,
ATI Technologies,
Raedon,
Peripheral Component Interconnect,
PCI Express,
Euclidean Algorithm,
Extended Euclidean Algorithm,
Euclidean Distance,
Hamming Distance,
Manhattan Distance,
Metric Space,
Nokia City Lens,
Nokia Lumia,
Augmented Reality,
Compaq,
iMac,
Macintosh,
Macbook Air,
Macbook Pro,
Microsoft Build,
Consumer Electronics Show,
Google I/O,
Google+,
Google Nexus,
Googleplex,
Most Significant Bit,
Least Significant Bit,
"Endian
Endianess",
Big-endian,
Little-endian,
Multitasking,
Text Editor,
Novell,
Authentication,
Hackathon,
Steganography,
Digital Watermarking,
Instagram,
Google Doodle,
Picasa,
Search Engine Optimization,
Central Processing Unit,
Arithmetic Logic Unit,
Viber,
Zalo,
Voice over Internet Protocol,
BTalk,
LATEX,
FLoating-point Operations Per Second,
Greedy Algorithm,
Responsive Web,
Bit per second,
Scrolling,
Polling,
Interrupt,
Classification,
PageRank,
Google Panda,
Google Penguin,
Google Hummingbird,
Dimension,
Fourier Transform,
Model View ViewModel,
External Storage,
Cloud Storage,
Software Architecture,
Bitmap Header,
Google Street View,
Intellectual property rights,
Bayesian Network,
Na�ve Bayes,
Candy Crush,
Cisco System,
Password,
Username,
Case Study,
Local Features,
Clock Rate,
Embedded System,
Batch,
Patch,
Dispatch,
Enterprise Resource Planning,
Certificate Authority,
Geographic Information System,
Data Management,
Predictive Analytics,
Statistical Analysis System,
SPSS Statistics,
Octave,
Mathematica,
Maple,
Project Manager,
Visual Basic,
Googlecode,
Sourceforge,
Apache Subversion,
Bash,
Dalvik Virtual Machine,
Adobe Flash Player,
Portable Document Format,
Shockwave Flash,
Technical Support,
Call of Duty,
AOL,
Bluray,
Tim Cook,
Cryptocurrency,
Lenovo,
Thinkpad,
Eric Schmidt,
Rich Text Format,
3D Printer,
Tim Berners-Lee,
Battlefield,
Steve Ballmer,
Arcade Game,
APARNET,
HTC,
LinkedIn,
LulzSec,
Microsoft Surface,
Megaupload,
Mediafire,
Mobile World Congress,
The Pirate Bay,
Torrent,
Need For Speed,
TED,
Skype,
Smartphone,
Smartwatch,
Symbian,
Tablet Computer,
Wearable Device,
Web Browser,
Wikipedia,
Y2K bug,
Yahoo,
Youtube,
Mark Zuckerberg,
Research & Development,
Pixar,
Sony Picture,
Deep Learning,
CUDA,
JavaFX,
Java Applet,
Java Platform Standard Edition,
Java Platform Enterprise Edition,
Java Development Kit,
Metadata,
Metaprogramming,
Principal component analysis,
Event-driven Programming,
Data Center,
Microsoft Silverlight,
What You See is What You Get,
Paul Allen,
Wikileaks,
Mathematica,
Microsoft Visual Studio,
Flash Sort,
Compiler,
Hewlett-Packard,
Google Glass,
Stream,
Logical Memory Address,
Aggregation,
Specification,
Integer Programming,
Cryptography,
Effective Variable,
Bitmap Header,
Administrator,
Datalink Layer,
Design Pattern,
Imagine Cup,
Password,
Tuple,
Iterator Pattern,
OpenGL,
Call of Duty,
Windows 7,
Radio button,
Exponential Time,
Heap,
Sourceforge,
Interpreter,
Rich Text Format,
Probability,
Software development kit,
Siri,
Linear Regression,
Cookie,
Dropbox,
Java Virtual Machine,
Larry Page,
Linux,
Secure Hash Algorithm,
Template Method Pattern,
Facade Pattern,
Machine Learning,
Dalvik Virtual Machine,
DirectX,
Linux Distribution,
Relation,
FLoating-point Operations Per Second,
Resource Acquisition Is Initialization,
Pixel,
Reference Parameter,
Pop,
Data Member,
Word Processing,
Computational complexity theory,
Concrete Class,
Peer-to-peer,
Copy Constructor,
Solid State Drive,
Circular Linked List,
Hack,
Na�ve Bayes,
Data Structure,
Google Instant,
Elastic Compute Cloud,
Pascal,
Parser,
Built-in Class,
Plain Text,
Hierachical Structure,
NVIDIA,
Physical Layer,
XPath,
Argument,
Quality Assurance,
HAS-A,
Prototype Pattern,
Multiple Thread,
Dictionaries,
Anjuta,
Object,
Stream Cipher,
Divide and Conquer,
Eyetracking,
Ivy Bridge,
Constructor,
Intellectual property rights,
Sector,
Dynamic Allocation of Memory,
Uniform Resource Name,
Pointer Variable,
Session Layer,
Dequeue,
Graph,
Authorization,
BitDefender,
Object-oriented Programming,
Maximum flow problem,
Access Point,
Proxy Patern,
Binary Code,
Xbox One,
Yahoo,
Googleplex,
Torrent,
Laser Printer,
SPSS Statistics,
Finite State Machine,
Behavioral pattern,
Supercomputer,
Floyd Algorithm,
Articulation Point (Cut Vertex),
Merge Sort,
Flyweight Pattern,
Massachusetts Institute of Technology,
Wireless Access Point,
Lenovo,
Primary Key,
Metaprogramming,
Block Cipher,
File Allocation Table,
Turing Test,
"PHP: Hypertext Preprocessor
Personal Home Page",
Redundant Array of Independent Disks,
Digital Watermarking,
Internet Protocol,
Infrastructure,
Balanced Binary Search Tree,
eXtensible Application Markup Language,
Extreme Programming,
Mutual Recursion,
Little-endian,
Event-driven Programming,
Hamming Distance,
Sub String,
Exponent,
Broadcast,
Google Penguin,
Abstract,
Bridge Pattern,
Video Card,
Programming Tip,
Iterator,
Combinatoric,
Tim Cook,
Outsourcing,
Data Management,
Local Variable,
Foursquare,
Bluetooth,
Dynamic Memory,
Fatal Error,
Retrieval,
Data,
Sparse Coding,
Alan Turing,
Euler's Formula,
Neural Network,
Project Manager,
Four Color Theorem,
Imperative Programming,
Matrix Laboratory,
Cloning Pattern,
Metadata,
HTC,
Virtual Destructor,
Automotive Engineering,
SmallTalk,
Degree,
Abstract Class,
Javascript Object Notation,
"Atomicity
Consistency
Isolation
Durability",
Method Overloading,
Octave,
Skype,
Association for Computing Machinery,
Hamilton Cycle,
Singleton Pattern,
Prime,
Central Processing Unit,
Ford-Bellman Algorithm,
Sub-routine,
Branch Statements,
Taskbar,
Search Engine Optimization,
Basic Data Type,
Statistical Analysis System,
Zalo,
Abstract Factory Pattern,
Scrash,
Assembly Language,
Nondeterministic finite automaton,
Binary Search Tree,
NP Complete,
Google Nexus,
Flickr,
Mac OS,
Website,
Windows Communication Foundation,
3D Printer,
Unicode,
PCI Express,
JavaFX,
Visual Basic,
PageRank,
Model View ViewModel,
NoSQL,
Static Member,
Backtracking,
Modeling,
Dennis Ritchie,
Data Center,
Control Flows,
Polymorphism,
Message Digest 5,
Microsoft Developer Network,
Sentinel,
Convex Hull,
Java Platform Enterprise Edition,
Graphics Device Interface,
Malware,
Capital Letter,
Mediafire,
Jelly Bean,
Operator,
OpenGL Shading Language,
Onedrive,
Project Operator,
Ruby,
Static Array,
Kitkat,
Software as a Service,
Conditional Expression,
Internet Explorer,
Team Foundation,
Class Declaration,
Sandy Bridge,
Structured Data,
Coprime,
Blank,
Uniform Resource Locator,
Read Only,
Smartphone,
Queue,
Formal Language,
Overriding,
Android Developer Tools,
Upper Case,
Big-O,
Directory,
Peripheral Component Interconnect,
Integrity Constraint,
Asynchronus,
Halt Problem,
Gordon Moore,
Openoffice,
Component,
Domain Name System,
Bubble Sort,
Nokia City Lens,
Natural Join,
Bit,
Random Access,
IPv6,
Nested Recursion,
Delete,
MongoDB,
Folder,
Polish prefix notation,
Factory Method Pattern,
Variable Declaration,
Ken Thompson,
Business Intelligent,
Computer Science,
HipHop Virtual Machine,
Recursion,
Embedded System,
Destructor,
Unix,
Network Topology,
Dynamic Array,
Programming Interface,
Digital Signal Processing,
Cryptanalysis,
Microsoft Surface,
Batch,
Sequentially Access,
Reference Variable,
Terminate,
Joomla,
Portable Operating System Interface,
Validation,
Lambda Expression,
Wordpress,
Logistic Regression,
Memory Fragment,
Geographic Information System,
Priority Queue,
Safari,
Analysis of Algorithm,
BlackBerry World,
Hyper-V,
Casting,
CRT Monitor,
Path,
Infrastructure as a Service,
LUA,
Clock Rate,
View,
Connectivity,
Augmented Reality,
Larry Ellison,
The Art of Computer Programming,
Java Foundation Classes,
C-style casting,
Deep Copy,
NULL,
Double-ended Queue,
Queue,
Y2K bug,
Least Significant Bit,
Markov Model,
Internet Information Services,
Turing Award,
Apple App Store,
Memory Leak,
Case Study,
Discrete Mathematics,
Worm,
Cycle,
Polling,
Function Polymorphism,
Frame,
Google Hummingbird,
Network flow,
Bootstrap,
Microsoft SQL Server,
IntelliJ IDEA,
Pure Virtual Method,
Half Life,
Histogram Equalization,
John Von Neumann,
Function Declaration,
Static Method,
EmguCV,
Structural pattern,
Fibonacci Number,
Xbox 360,
PostgreSQL,
Spiral Model,
Picasa,
Control Structure,
Trojan,
Google Street View,
Haskell,
Regular Expression,
Delimiter,
Collision Domain,
Google Drive,
Induction,
Structured Query Language,
Entropy,
Greatest Common Divisor,
External Storage,
Application Layer,
Source code,
Algorithm,
Character,
Statistic,
Edge,
Database Management System,
Wireless Mouse,
Widget,
Interface,
Genetic Algorithm,
Java Platform Standard Edition,
Windows 8,
Composite Pattern,
American Standard Code for Information Interchange,
Vulnerability,
Hackathon,
Twitter,
Linked List,
Algorithm Implementation,
Mozila Firefox,
Paypal,
Serial Advanced Technology Attachment,
Ethernet,
Vim,
Google Panda,
Test Case,
Decision Tree,
Intelligent Personal Assitant,
Registry,
Opera,
Computer Vision,
MapReduce,
Greedy Algorithm,
Encryption,
Container,
File Allocation Table,
Binary Search,
Asynchronous JavaScript and XML,
Instagram,
Data Type,
Loop Structure,
Lexicographical Order,
Arithmetic Logic Unit,
Donald Knuth,
Manhattan Distance,
Application Programming Interface,
Microprocessor,
Reverse Polish notation,
Google Chrome,
Alexa,
Linear Recursion,
Integrated Electronics,
Cross-product,
Controller,
Java,
Boruvska Algorithm,
Dijkstra Algorithm,
Hashtag,
Backpropagation,
Compare,
Object Recognition,
Google Now,
File Trasfer Protocol,
Pentium,
Integrity,
Procedure,
Ginger Bread,
Google+,
Image Processing,
Inheritance Relationship,
Adruino,
Infix notation,
Windows Server,
Cartesian Product,
Behaviour,
Saigon Hi Tech Park,
Router,
Stack Unwinding,
Chromebook,
Extract,
Raspberry Pi,
Nintendo,
Research & Development,
Java Development Kit,
Security,
Immuatable,
Planar Graph,
Regular Language,
Sign,
Heuristics,
Nonrepudiation,
New Technology File System,
Builder Pattern,
iTunes,
Kinect,
Implicit Casting,
Application Programming Interface,
Java Database Connectivity,
Stack Overflow,
Red Green Blue Alpha,
Parallel Computing,
Constraint Programming,
Cryptocurrency,
Stack Memory,
Candy Crush,
Hungarian Notation,
Spring,
Javascript,
Microsoft Silverlight,
Kruskal Algorithm,
Logical Operator,
Predictive Analytics,
Block,
String Matching,
Smartwatch,
Context Menu,
WHOIS,
Steve Ballmer,
UTF-8,
Certificate Authority,
Bash,
Battlefield,
International Collegiate Programming Contest,
Header,
.NET Framework,
Macro,
Enqueue,
Norton Commander,
Linear Algebra,
Default Constructor,
Optical Disk,
Bluray,
Memory Mapping,
End of File,
Polynomial Time,
Windows NT,
Mobile World Congress,
Abstract Window Toolkit,
Wide Area Network,
Youtube,
Quality Control,
Google Play,
Heartbleed,
File system,
Metropolitan Ared Network,
Responsive Web,
Best case Complexity,
Fedora,
Functional Dependency,
Linear Time,
Walk,
Datagram,
Windows Presentation Foundation,
Histogram Matching,
Optimal,
Windows CE,
edX,
Functional Programming,
Automata,
P vs NP,
Microsoft Foundation Class,
MySpace,
Bottom-up,
Graph Coloring,
Tim Berners-Lee,
OpenGL ES,
Microsoft Build,
C,
Hash Function,
Novell,
Integrated Development Enviroment,
Binary Recursion,
Shift Cipher,
Scripting Language,
Galaxy 4S,
Extraction Operator,
Markov Process,
Wrapping,
Scope,
Function Library,
Foreign Key,
Network Address Translation,
World Cyber Game,
Physical Memory Address,
Tail Recursion,
Digital,
Fibonacci Sequence,
Nahalem Architecture,
Speech Recognition,
Dependent,
Jeff Bezos,
Thinkpad,
Linear Programming,
Oracle,
Minesweeper,
Silverlight,
Optimization Problem,
Root Class,
Extensible Stylesheet Language Transformations,
WhatsApp,
Rivest - Shamir - Adleman,
Loop Invariant,
Macbook Air,
Bioinformatics,
ACK,
ASUS,
Statistical Learning,
Code Reuse,
Extensible Markup Language,
Breadth First Search,
Debugging,
Heap Memory,
Intializers,
LATEX,
Notification,
Constant,
Local Features,
Secure Socket Layer,
Reusability,
Throw,
Arcade Game,
Creational pattern,
Fourier Transform,
Try Catch,
Metric Space,
Database,
Google Maps,
Eight Queens Puzzle,
Computer Network,
Logarithm Time,
Windows Azure,
Data Manipulation Language,
Wikipedia,
ActionScript,
Boolean Operator,
Worst case Complexity,
Unreal,
XCode,
Database,
Virtual Method,
Generating Function,
Agile,
Anonymous,
Big Data,
Intersect,
Tree,
Local Host,
Google Web Toolkit,
Segment,
Input Device,
Kaspersky,
Windows XP,
Preprocessing,
Steganography,
Trigger,
Completely Automated Public Turing test to tell Computers and Humans Apart,
Decryption,
Playstation Vita,
Software Architecture,
LulzSec,
Virtual Reality,
Hard coding,
Playstation Portable,
Microsoft Build,
Parent class,
Wearable Device,
Binary Insertion Sort,
Framework Application,
Histogram,
Emacs,
Multitasking,
Counter Strike,
Voice over Internet Protocol,
Architectural Patterns,
Broadcast Domain,
Mediator Pattern,
Polish notation,
Macromedia Flash Player,
Overflow,
CUDA,
Wireless Router,
Metro,
Code Block,
Markov Chain,
Googlecode,
Hidden Markov Model,
IEnumerable,
Robotics,
Binary File,
Nanocomputer,
Relational Database,
Affine Transformation,
Brute Force,
Data Warehouse,
Gameloft,
Minimum Spanning Tree,
Windows Phone Store,
Web Browser,
Standard Template Library,
Theta Join,
Pattern Matching,
State Pattern,
Shortcut,
OpenCV,
Uniform Distribution,
Information Theory,
Principal component analysis,
Prolog,
Mobile Application,
Average case Complexity,
Import,
Semaphore,
Output,
AOL,
Hypertext Markup Language,
Fragmentation,
American National Standards Institute,
Macintosh,
National Security Agency,
Leap Motion,
Insertion Operator,
Cloud Storage,
Integrated Circuit,
Fibonacci,
VMWare,
Optical Flow,
DB2,
Data Type Definition,
Hash Table,
Intel x86,
Union,
Decision Problem,
Zend Framework,
Converter,
Deterministic finite automaton,
Observer Pattern,
Concatenation,
Input,
Search Algorithm,
Kindle,
Hub,
Sony Picture,
Multiple Inheritance,
Bitwise Copy,
Unified Modeling Language,
iMac,
Avast,
Face Detection,
Base Class,
Grant,
The Pirate Bay,
Java Applet,
Generalization,
Referential Integrity,
Concurrency pattern,
Motorola,
Mutimedia,
Sub-program,
C#,
Boolean,
Cursor,
Eclipse,
Static Local Variable,
Built-in Data Type,
Ping,
Algorithmic Complexity,
Reference,
MySQL,
Friend Class,
Viber,
Revoke,
Touchscreen,
Concrete subclass,
Image Segmentation,
Visualization,
R,
Google App Engine,
Implementation,
Bag of Features,
Cascading Style Sheets,
Vsphere,
Normalize,
Local Aread Network,
Tumblr,
Class-level Method,
Simple Mail Transfer Protocol,
Pointer,
Windows Phone,
Programming Language,
Private Data Member,
Mozila Thunderbird,
iCloud,
Prototype,
High-Performance Computer,
Maple,
Deadlock,
Information Security,
Oracle,
Stack,
Shallow Copy,
Operator,
Push,
Toolbox,
Scrolling,
Hypertext Transfer Protocol Secure,
Adobe,
Class Name,
Transport Layer,
Na�ve Bayes,
Cloning,
Operating System,
Friend Function,
Namespace,
Transistor,
Language-Integrated Query,
Interpreter Pattern,
Deep Blue,
Gang of Four,
Biometric,
AVL Tree,
Xbox,
Raedon,
Optical Character Recognition,
Red-Black Tree,
Institute of Electrical and Electronics Engineers,
Navigate,
Function Template,
Siri,
Master Boot Record,
OpenSSL,
Google API,
IS-A,
Decision Table,
Quadratic Time,
Username,
TED,
B-Tree,
International Business Machines,
C++,
Singly Linear Linked List,
Topology,
Quantum Computer,
Location,
Floating Point,
Data Abstraction,
Big-endian,
Data Control Language,
First In First Out,
Computational Geometry,
Template,
Polling,
Unikey,
Coursera,
Double Data Rate,
Turing Machine,
Function Pointer,
Open System Interconnection,
Platform,
Transport Layer Secure,
Starcraft,
Most Significant Bit,
Total Commander,
Vertex,
Switch,
Boyce-Codd Normal Form,
Bayesian Network,
Memory Address,
Socket,
Bing,
Nondeterministic Polynomial time,
Fingerprint,
Artificial Intelligent,
Robert Noyce,
Playstation,
Class Implementation,
Sort Algorithm,
Github,
Eric Schmidt,
Instance,
Trail,
Compositon,
Kindle Fire,
Graphic User Interface,
Association,
LinkedIn,
Statement,
Onine Analytical Processing,
NTT Data,
Classification,
Lotus Software,
Pixar,
Quicksort,
Variable,
Support Vector Machine,
BTalk,
Command Pattern,
High-level Shader Language,
Interrupt,
Function Overloading,
Mark Zuckerberg,
Dongatory,
Confidentiality,
Microsoft Cortana,
Global Variable,
Natural Language Processing,
Visitor Pattern,
Mutable,
Mantissa,
Ubuntu,
Specialization,
Scala,
Generic Code,
IPv4,
Analytic Combinatorics,
Windows,
Red Hat Enterprise,
Cloud Computing,
Superclass,
Moore Law,
Adapter Pattern,
Connected Component,
Register,
Computer Graphics,
Tag,
Deep Learning,
Network Layer,
Enterprise,
Top-down,
Euler,
Automaton,
Macbook Pro,
GLONASS,
Chain of Responsibility Pattern,
Data Definition Language,
NetBean,
Static Constructor,
Single Thread,
Terrain,
Code Duplication,
Dynamic Programming,
Octave,
Class,
Mainframe Computer,
Virtual Inheriatance,
Constraint,
Near Field Communication,
Online Transaction Processing,
Dynamic Casting,
Normal Distribution,
Authentication,
Megaupload,
Last In First Out,
Memory Allocation,
Python,
Dispatch,
Cache,
Transaction,
Silicon Valley,
Wide Character,
Postfix notation,
Technical Support,
Data Encryption Standard,
Graph,
Reinterprest Casting,
"Endian
Endianess",
Information Gain,
Memento Pattern,
Cisco System,
Knight's Tour Problem,
Extensible HyperText Markup Language,
Class-level Member,
Laptop,
LibreOffice,
Netscape,
Const Casting,
Tablet Computer,
Perl,
Histogram Specification,
Encapsulation,
Calculus,
Copy,
Cryptology,
Extended Euclidean Algorithm,
Google Doodle,
Keyword,
Enigma,
Uniform Resource Indetifier,
Relational Algebra,
"Bridge (cut-edge, cut arc or an isthmus)",
Network News Transfer Protocol,
Double-ended Priority Queue,
F#,
Hue Saturation,
Bit per second,
Prim Algorithm,
Swing,
Venn Diagram,
Advanced Encryption Standard,
Wii,
Thread,
Presentation Layer,
Friend,
Method Overriding,
SCRUM,
Media,
Abstract Method,
OculusVR,
Probability Distribution,
Attribute,
Acer,
Apache,
Euclidean Algorithm,
Fsoft,
Nokia Lumia,
Index Operator,
Role-based access control,
Bitcoin,
Inheritance,
Dell,
Explicit Casting,
Access Modifier,
Formal Parameter,
World of Warcraft,
Patch,
Formal Variable,
Binary File,
Need For Speed,
Strategy,
Bag of Words,
Windows 3.1,
Dimension,
Text Editor,
Functional Overloading,
Graph API,
Windows Me,
Supervised Learning,
Symbian,
Array,
Packet,
Document Object Model,
Compaq,
Procedural Programming,
Dynamic Link Library,
Programming Paradigm,
Hadoop,
Caesar Cipher,
Sequential Search,
Sergey Brin,
VirtualBox,
Data Mining,
Enterprise Resource Planning,
Decorator Pattern,
Selection Sort,
Normal Form,
Doubly Linear Linked List,
Pseudocode,
Abstract Data Type,
Vietkey,
APARNET,
Sun Microsystem,
SQLite,
Bit mask,
Coding Theory,
Streaming,
Recognition,
Privilege,
Google I/O,
Euclidean Distance,
Crowdsourcing,
Actual Argument,
Skydrive,
Reinforcement Learning,
Round Trip Time,
Integrated,
Control Abstraction,
Process,
ATI Technologies,
Composite Number,
Flow chart,
"Rich Site Summary
RDF Site Summary
Really Simple Syndication",
Linear Search,
Hypertext Transfer Protocol,
Integer Factorization,
Advanced Micro Devices,
Objective-C,
NP Hard,
Optimal Binary Search Tree,
Schema,
Haswell,
Human Computer Interaction,
Insertion sort,
XQuery,
Global Positioning System,
Strategy Pattern,
Parameter,
LISP,
Ruby on Rail,
Consumer Electronics Show,
Alan Turing,
Thread,
String,
Single Linked List,
Operand,
Platform as a Service,
Recommender System,
Member-wise Copy,
Linux Kernel,
Apache Subversion,
Euler Diagram,
Billion Laughs Attack,
XML Entity,
Man in the middle,
DNS spoofing,
SQL injection,
Blind SQL injection,
Command injection,
Javascript Engine,
Clickjacking,
Session hijacking,
Brendan Eich,
Root privilege,
Privilege escalation,
Jailbreak,
Backdoor,
4-way handshake,
Wireshark,
Sequential Logic,
Remote code execution,
Binary Exploitation,
Binary Analysis,
Buffer Overflow,
Heap Overflow,
Reverse Engineer,
